Date,ID1,ID2, N lbs per acre ,P2O5 lbs per acre,K2O lbs per acre,Nutrient value per acre $,NO3-N Only lbs per acre 70%,Additional N lbs per acre,$ nitrogen saved  per acre, 1-day CO2-C,Organic C,Organic N,Organic C:N,Soil Health Calculation,Cover crop mix,Total Nitrogen lbs\acre,Inorganic N,Organic N,Total Phosphate  lbs/acre,Inorganic P,Organic P,Al ppm,Fe ppm,Ca ppm,Organic N release,Organic N reserve ,Organic P release,Organic P reserve,% P sat,Ca/AlFe,SHC,Nitrogen Saved $,pH,buffer pH,Lime,NO3,Fe,Mn,Zn,Cu,P,K,Ca,Mg,S,Na,EC,Total Biomass,Diversity Index,Bacteria %,Total Bacteria Biomass,Actinomycetes %,Actinomycetes Biomass,Gram (-) %,Gram (-) Biomass,Rhizobia %,Rhizobia Biomass,Total Fungi %,Total Fungi Biomass,Arbusular Mycorrhizal %,Arbuscular Mycorrhizal Biomass,Saprophytic %,Saprophytes Biomass,Protozoan %,Protozoa Biomass,Gram (+) Biomass,Gram (+) %,Undifferentiated %,Undifferentiated Biomass,Fungi:Bacteria,Predator:Prey,Gram(+):Gram(-),Sat:Unsat,Mono:Poly,Pre 16:1w7c:cy17:0,Pre 18:1w7c:cy19:0
1Win18,1,Crop,12.46906208,0.515592369,44.33578033,20.86606261,0.280246484,12.18881559,8.532170916,13.98475456,61.41619873,5.564701557,11.03674603,3.183269501,60% Legume 40% Grass,13.58170319,2.452300072,11.12940311,0.515592369,0.429660296,0.085932073,190.8514557,81.17359161,100.2769318,10.13686752,0.992535591,0.058701399,0.027230674,0.082408071,0.368631244,3.183269501,8.5322,5.71,7.75,0.5,1,29.94485934,15.24532102,0.268436051,0.245243898,1,69.31692876,472.5306235,59.59915637,6.302187423,,,322.2,0.972,40.28,129.8,7.12,22.93,6.65,21.43,0,0,1,3.23,0,0,1,3.23,0,0,108.37,33.63,58.71,189.18,0.0249,ALL PREY,5.0571,7.5351,ALL MONO,NONE FOUND,ALL PRE 18:1
1Win18,2,Overgrown,54.26200374,1.000489038,55.21885071,41.73174157,0.761976886,53.50002685,37.4500188,116.9191971,176.5507507,26.65856743,6.622664452,15.94013786,30% Legume 70% Grass,54.58856583,1.271430373,53.31713545,1.000489038,0.833740842,0.166748196,48.05335236,35.3535347,871.1968384,53.31713486,0,0.166748196,0,0.521533966,10.44514275,15.94013786,37.45,6.73,,0,1,57.15062395,4.930203688,1.213936959,0.186586086,5.734674211,48.20815709,2465.766237,112.2737187,3.537849455,,,5404.22,1.383,51.69,2793.36,9.12,492.74,22.37,1208.79,0,0,7.95,429.44,2.77,149.89,5.17,279.54,0.06,3.09,1584.58,29.32,40.31,2178.33,0.1537,0.0011,1.3109,1.7109,16.9969,ALL PRE 16:1,17.8501
1Win18,3,Bottom,47.71474615,9.651437426,81.44499207,54.34765188,0.315966761,47.39877939,33.17914557,291.8041382,385.9736938,23.48174858,16.43717766,30.91080093,20% Legume 80% Grass,47.85015869,0.886663318,46.96349537,9.651437426,8.042864156,1.60857327,205.6530762,459.1132813,215.1087189,46.96349537,1.79E-06,1.60857327,-6.66E-16,0.631240904,0.323585451,30.91080093,33.1791,4.99,7.2,9,1,395.6260964,41.27286831,5.229529895,0.633576976,8.798444809,76.0090912,936.8550997,225.1602824,13.80874126,,,6985.73,1.519,48.74,3404.83,8.76,612.04,19.47,1360.05,2,139.7,8.94,624.87,1.56,108.85,7.39,516.03,0.32,22.03,2044.78,29.27,42,2933.98,0.1835,0.0065,1.5035,1.8432,16.9813,ALL PRE 16:1,5.9947
1Win18,4,Longleaf,18.56120595,1.26828801,32.56997452,19.71177507,0.492528588,18.06867737,12.64807416,45.26106262,103.4589996,8.72204113,11.8617878,7.467490196,50% Legume 50% Grass,18.77228928,1.328207374,17.4440819,1.26828801,1.056906721,0.211381289,167.9883423,86.51399231,109.2704849,17.4440819,3.58E-07,0.211381289,5.55E-17,0.216669753,0.429349631,7.467490196,12.6481,5.35,7.4,6,1,10.86879317,2.044002114,0.222781077,0.121205604,1.89959696,44.536181,547.2389684,121.8725027,10.36249379,,,2683.48,1.254,43.83,1176.05,7.8,209.23,16.3,437.33,0,0,4.8,128.78,0,0,4.8,128.78,0,0,738.72,27.53,51.38,1378.65,0.1095,ALL PREY,1.6891,2.6003,37.6289,NONE FOUND,51.3965
1Win18,5,Switch,26.64151248,1.372713959,34.23868103,23.60104312,0.503907812,26.13760467,18.29632327,55.18056107,161.3231812,12.94573498,12.46149254,10.03909302,40% Legume 60% Grass,26.85747337,0.966003001,25.89147037,1.372713959,1.143928254,0.228785706,93.97099304,34.5678978,156.0708313,25.89146996,0,0.228785706,-2.78E-17,0.464320302,1.214191556,10.03909302,18.2963,5.28,7.3,7,1,63.64122692,3.688808392,0.910250034,0.175379563,4.172084618,35.95157403,492.8126994,54.52934726,4.411398011,,,5968.86,1.645,41.87,2499.41,7.7,459.67,17.79,1061.59,2.98,178.02,13.86,827.52,2.21,132.05,11.65,695.47,0.71,42.2,1437.83,24.09,43.55,2599.72,0.3311,0.0169,1.3544,1.7427,5.2315,7.4591,3.1646
1Win18,6,Burned,25.95713205,0.831994033,50.16501617,28.52300431,0.525187922,25.43194413,17.80236089,32.88579941,119.4164276,12.40299511,9.628031731,6.917208195,50% Legume 50% Grass,26.18221283,1.376222372,24.80599046,0.831994033,0.693328384,0.138665649,87.47476959,30.69306946,94.35201263,24.80599022,0,0.114560386,0.024105263,0.306120962,0.798457623,6.917208195,17.8024,5.75,7.66,3,1,33.05900252,3.873294609,0.269075337,0.153347853,2.715757776,59.57477647,349.6781093,65.71360802,3.868149366,,,4678.01,1.644,47.72,2232.34,8.49,397.12,21.74,1016.79,3.64,170.15,17.13,801.47,2.55,119.39,14.58,682.08,0.74,34.83,1215.54,25.98,34.4,1609.37,0.359,0.0156,1.1955,1.6004,4.1999,4.1704,3.0211
1Win18,7,Pasture,44.05509847,348.0014481,122.2502197,304.0106299,4.194630384,39.86046808,27.90232766,50.46197891,126.0480423,19.91389084,6.329654217,9.558547974,50% Legume 50% Grass,45.85279846,6.025015354,39.82778311,348.0014481,290.0012009,58.00024719,71.40935516,86.64987946,384.0625916,39.82778168,0,58.00024719,-7.11E-15,95.72675323,2.429864883,9.558547974,27.9023,6.42,,0,3,45.50349198,6.146556035,8.065317528,4.671082485,273.3999086,157.2753452,1058.028223,125.9522042,10.12978922,,,4226.29,1.382,45.01,1902.28,8.67,366.29,14.63,618.2,0,0,6.23,263.28,1.99,83.99,4.24,179.29,0.29,12.39,1284.09,30.38,48.47,2048.34,0.1384,0.0065,2.0772,2.7743,14.7655,ALL PRE 16:1,17.1838
1Win18,8,Loblolly,14.81224473,10.7452774,32.40506287,24.78836408,0.558584046,14.25366068,9.977562475,13.37352276,104.7991409,13.46898937,7.780772209,4.78023386,60% Legume 40% Grass,28.23928833,1.30130887,26.93797946,10.7452774,8.954397655,1.79087975,69.80459595,24.30379868,73.29251099,13.75032902,13.18764973,0.685607848,1.105271903,4.964338779,0.778809488,4.78023386,9.9776,5.58,7.8,2,1,24.56200076,4.598024868,0.950547202,0.120154872,29.11358924,44.1203424,234.3290733,32.54993412,3.375733167,,,4004.98,1.353,35.11,1406.26,5.05,202.18,15.87,635.49,0,0,5.73,229.5,1.07,42.68,4.66,186.82,0.13,5.02,770.77,19.25,59.03,2364.19,0.1632,0.0036,1.2129,2.4847,14.485,NONE FOUND,27.4227
2Spr18,1,Crop,45.65631908,33.53839221,58.60805511,62.25222147,15.05671978,30.5995993,21.41971951,37.29999924,104.747139,15.16020489,6.909348488,7.340963364,50% Legume 50% Grass,52.10919952,21.78878975,30.32040977,33.53839331,13.41535754,20.12303576,64.86804962,26.06516266,104.3544464,30.32040977,0,20.12303467,1.10E-06,16.03584671,1.147594452,7.340963364,21.4197,5.54,7.71,0.5,1,13.823,13.502,0.168,0.141,6.964,97.326,339.63,44.215,7.108,66.539,35.5,1768.69,1.046,43.37,767.05,8.47,149.81,8.06,142.5,0,0,1.53,27.06,0,0,1.53,27.06,0,0,624.55,35.31,55.1,974.58,0.0353,ALL PREY,4.3828,5.7024,ALL MONO,NONE FOUND,ALL PRE 18:1
2Spr18,2,Overgrown,79.68419105,37.08016181,76.79676819,84.70865855,8.693196297,70.99099475,49.69369633,296.7999878,451.0324097,35.28013611,12.78431606,33.74866104,20% Legume 80% Grass,83.40984344,12.84957409,70.56026936,37.08016071,8.269613791,28.81054692,38.63614655,66.00984955,1503.759399,70.56026936,2.86E-06,28.81054802,-1.10E-06,15.40604496,14.36996555,33.74866104,49.6937,7.62,,0,1,54.778,5.788,2.623,0.211,4.909,51.196,3410.625,184.362,6.707,59.185,130.6,10546.23,1.598,49.25,5194.5,8.12,856.4,24.44,2577.33,1.61,169.69,13.3,1402.96,3.94,415.2,9.37,987.76,1.09,115.27,2617.17,24.82,36.35,3833.52,0.2701,0.0222,1.0155,1.1944,8.0335,ALL PRE 16:1,8.6089
2Spr18,3,Bottom,37.85105175,39.2138061,29.59561386,52.94854982,0.005532476,37.84551927,26.49186349,64.30000305,232.6276245,18.75777626,12.40166283,12.95833015,40% Legume 60% Grass,37.85342407,0.3378703,37.51555377,43.69063835,17.47625556,26.21438279,119.0127792,486.5671692,67.49876404,37.51555252,0,21.73755054,4.476832247,3.136816263,0.111461356,12.95833015,26.4919,4.94,7.19,2,2,218.892,5.449,2.217,0.299,10.456,40.391,287.511,208.699,13.857,76.779,49,4529.82,1.545,52.01,2355.75,11.74,531.9,16.83,762.37,2.39,108.21,9.86,446.85,1.38,62.72,8.48,384.12,0.58,26.4,1593.37,35.18,37.55,1700.82,0.1897,0.0112,2.09,1.5332,10.3174,ALL PRE 16:1,3.8777
2Spr18,4,Longleaf,29.20711788,18.96038504,27.90157013,34.72066622,2.151524878,27.055593,18.9389151,32.70000076,97.02545166,13.42933178,7.224890709,6.553442478,50% Legume 50% Grass,30.12919998,3.270536423,26.85866356,18.96038504,7.584153795,11.37623124,70.1338501,19.14357567,86.0253067,26.85866356,0,11.37623124,1.78E-15,9.233739853,0.96357286,6.553442478,18.9389,5.75,7.6,0.75,1,10.063,1.924,0.236,0.046,4.553,48.821,299.9,40.507,7.254,63.147,24.6,1365.68,1.149,49.87,681.08,10.57,144.34,13.31,181.73,0,0,2.11,28.85,0,0,2.11,28.85,0,0,499.36,36.56,48.02,655.75,0.0424,ALL PREY,2.7478,3.435,ALL MONO,NONE FOUND,ALL PRE 18:1
2Spr18,5,Switch,34.63911037,24.7201086,35.36693115,43.53814607,1.658359718,32.98075065,23.08652546,61.5,152.5579376,16.39432335,9.305534363,10.84059143,40% Legume 60% Grass,35.34983444,2.561189175,32.78864527,24.7201086,9.88804388,14.83206472,100.4539719,85.7142868,231.6135254,32.78864527,1.43E-06,14.83206472,-1.78E-15,5.77320385,1.244108558,10.84059143,23.0865,5.73,7.42,1,1,76.213,3.94,0.797,0.096,4.678,47.991,701.868,71.037,7.469,71.833,33.1,3719.09,1.364,40.01,1488.09,7.48,278.09,15.59,579.97,0,0,6.12,227.71,1.23,45.74,4.89,181.97,0,0,908.12,24.42,53.86,2003.28,0.153,ALL PREY,1.5658,2.2867,23.1544,NONE FOUND,18.2568
2Spr18,6,Burned,45.17580718,30.82421055,32.25603104,50.93688112,9.889657593,35.28614959,24.70030471,103.4000015,132.1676941,17.4401741,7.578347206,13.00403786,40% Legume 60% Grass,49.41423416,14.53388405,34.88035011,30.82421055,12.32968378,18.49452677,52.99417114,16.70761681,197.709671,34.88034821,0,18.49452677,0,19.22738457,2.836507797,13.00403786,24.7003,6.02,,0,1,18.055,2.729,0.172,0.082,3.617,39.64,589.669,87.471,6.923,59.877,31.5,4696.19,1.46,46.41,2179.73,8.12,381.39,19.81,930.5,0,0,11.65,547.14,2.26,106.28,9.39,440.86,0.42,19.62,1249.23,26.6,41.52,1949.69,0.251,0.009,1.3425,1.3884,7.2033,ALL PRE 16:1,14.2469
2Spr18,7,Pasture,106.0787567,814.6172821,208.7818909,685.737262,57.85836029,48.2203964,33.75427748,163.1000061,165.0682831,23.87230301,6.914635658,19.2802639,10% Legume 90% Grass,130.8751984,83.13059235,47.74460602,814.6172821,678.8477234,135.7695587,68.85196686,125.1908417,720.2058716,47.74460602,0,135.7695587,-2.84E-14,182.5274658,3.711582422,19.2802639,33.7543,6.83,,0,1,22.032,6.767,7.643,5.672,293.759,155.795,1351.652,165.567,22.098,91.734,149.6,5861.65,1.512,49.89,2924.63,6.8,398.38,21.86,1281.19,0.45,26.54,13.8,809,3.73,218.54,10.07,590.45,0.79,46.07,1643.45,28.04,35.52,2081.94,0.2766,0.0158,1.2828,1.401,6.1555,ALL PRE 16:1,25.3903
2Spr18,8,Loblolly,31.01222311,25.3292217,21.37812424,37.61768792,2.089545488,28.92267762,20.24587433,22.60000038,90.70605469,14.49211121,6.258995056,5.523332119,50% Legume 50% Grass,32.00553894,3.021315575,28.98422337,31.13015966,8.158927321,22.97123234,27.24662971,9.92555809,74.29656982,28.88642693,0.097795486,17.17029438,5.800937963,36.41123199,1.99871397,5.523332119,20.2459,4.94,7.73,0.75,1,14.925,3.401,0.741,0.165,31.075,28.902,241.358,29.92,5.33,78.283,370,2547.06,1.21,46.57,1186.16,9.56,243.58,14.63,372.64,0,0,3.1,79.08,0,0,3.1,79.08,0,0,813.52,31.94,50.33,1281.83,0.0667,ALL PREY,2.1832,2.9136,ALL MONO,NONE FOUND,60.5946
3Sum18,1,Crop,47.8085969,11.75724902,71.63042908,52.42416325,7.817424583,39.99117231,27.99382062,31.79759789,118.1844864,18.48078156,6.394993782,7.391527653,50% Legume 50% Grass,51.1589241,14.19735909,36.96156502,11.75724902,5.756764603,6.000484419,112.0411758,42.90213776,201.3722382,36.96156311,0,4.843300319,1.1571841,3.29917264,1.299651027,7.391527653,27.9938,5.87,,,1,15.694,13.943,0.601,0.25,10.244,109.293,456.944,56.251,6.417,64,,1161.47,0.879,39.14,454.6,8.36,97.12,5.27,61.2,0,0,0,0,0,0,0,0,0,0,393.4,33.87,60.86,706.87,ALL BACTERIA,ALL PREY,6.4285,7.5036,ALL MONO,NONE FOUND,ALL PRE 18:1
3Sum18,2,Overgrown,108.71871,34.3064126,78.42320251,94.95009369,1.983373666,106.7353363,74.71473541,498.9874878,580.3384399,36.98552322,15.69096184,43.02684784,20% Legume 80% Grass,109.5687256,35.59767914,73.97104645,34.3064126,15.67726278,18.62914982,36.49380493,21.02029228,1791.991211,73.97104645,0,18.62914982,0,25.93421745,31.15742493,43.02684784,74.7147,7.37,,,1,36.124,10.405,4.153,0.31,8.029,63.616,5310.062,169.963,7.236,224,,9813.36,1.353,53.65,5264.65,10.29,1009.86,18,1766.48,0,0,5.98,587.11,2.53,248.28,3.45,338.83,0.32,31.25,3498.17,35.65,40.05,3930.35,0.1115,0.0059,1.9803,2.1916,23.9281,ALL PRE 16:1,12.5852
3Sum18,3,Bottom,43.14728219,5.054609156,31.37598953,31.77873562,-0.002581289,43.14986348,30.20490444,194.0603943,321.9588623,20.33056259,15.83620071,24.64393234,20% Legume 80% Grass,43.14617538,2.485050678,40.66112471,5.054609156,4.212174296,0.842434859,70.07017517,211.2211304,88.02424622,40.66112471,4.77E-07,0.842434859,-3.33E-16,0.78127414,0.312929153,24.64393234,30.2049,4.7,,,1,187.029,6.398,2.029,0.307,9.51,46.333,397.091,170.289,21.492,81.9,,5667.81,1.18,53.38,3025.28,15.11,856.46,8.62,488.59,0,0,3.08,174.71,0.81,45.71,2.28,129,0.11,6.29,2536.68,44.76,43.43,2461.53,0.0578,0.0021,5.1919,2.7475,20.9874,NONE FOUND,6.4475
3Sum18,4,Longleaf,31.13817045,1.670808464,28.60144958,23.63534146,0.109539838,31.02863061,21.72004143,153.7744598,277.0430908,14.82829571,18.68340683,19.83823013,60% Legume 40% Grass,31.18511581,1.528524637,29.65659118,1.670808464,1.39234041,0.278468055,111.8131638,80.724617,221.2971649,29.65659118,2.38E-07,0.278468055,0,0.377296567,1.149370074,19.83823013,21.72,4.8,,,1,142.218,6.583,1.493,0.169,5.116,35.142,694.58,56.52,5.855,45.3,,8063.64,1.594,41.83,3372.9,9.97,803.99,12.43,1002.5,3.19,256.97,8.31,669.82,1.38,111.39,6.93,558.44,0.6,48.59,2370.41,29.4,49.26,3972.33,0.1986,0.0144,2.3645,2.3499,6.9472,7.1993,1.6497
3Sum18,5,Switch,26.43312449,3.762319446,36.03906097,25.82054475,3.353365135,23.07975936,16.15583155,32.86528397,143.1364594,12.01326561,11.91486645,7.35058403,50% Legume 50% Grass,29.8300724,5.803541183,24.02653122,3.762319446,2.357836914,1.404482532,111.1759949,26.61018944,199.3474121,22.06674004,1.959791183,0.967441547,0.437040985,1.187195301,1.446788073,7.35058403,16.1558,5.66,,,1,29.23,5.304,0.485,0.103,6.071,54.134,519.637,51.105,5.054,46,,1784.1,0.958,50.78,905.94,11.87,211.8,6.63,118.21,0,0,0.77,13.77,0,0,0.77,13.77,0,0,787.73,44.15,48.45,864.39,0.0152,ALL PREY,6.6637,4.441,ALL MONO,NONE FOUND,ALL PRE 18:1
3Sum18,6,Burned,28.62870075,4.275799453,35.27615891,26.79119553,0.269113678,28.35958707,19.85171095,54.23781586,161.6678619,13.57089138,11.91283989,10.01422787,40% Legume 60% Grass,28.74403572,1.602252483,27.14178324,4.275799453,2.123319036,2.152480417,108.2681427,44.43712997,205.2680359,27.14178276,0,2.152480417,4.44E-16,1.217406034,1.344210505,10.01422787,19.8517,5.81,,,1,41.637,3.063,0.245,0.124,1.937,37.644,441.855,70.543,4.733,28.8,,2301.52,1.049,53.09,1221.89,12.35,284.13,9.75,224.46,0,0,1.19,27.27,0,0,1.19,27.27,0,0,997.43,43.34,45.72,1052.36,0.0223,ALL PREY,4.4436,4.2202,ALL MONO,NONE FOUND,ALL PRE 18:1
3Sum18,7,Pasture,50.2647613,579.938331,157.0273315,481.0223023,4.864133692,45.40062761,31.78043933,49.66865158,164.4398041,20.64672089,7.964451313,10.32033348,40% Legume 60% Grass,52.34939194,11.05594826,41.29344368,586.6867065,514.7862274,71.90047913,88.2486496,77.3324585,697.6652832,41.29344177,0,65.15210361,6.748375511,154.0521088,4.213435173,10.32033348,31.7804,6.86,,,1,23.827,4.993,12.304,8.168,354.598,170.708,1386.645,159.823,14.931,110.8,,3674.19,1.561,50.17,1843.2,10.56,388.1,15.56,571.55,1.53,56.17,10.73,394.34,3.09,113.55,7.64,280.79,0.76,27.9,1271.65,34.61,38.34,1408.74,0.2139,0.0151,2.2249,2.1701,4.8986,3.728,4.8106
3Sum18,8,Loblolly,21.13126878,17.59145012,22.32812576,28.58136661,1.312527871,19.8187409,13.87311863,23.64179993,111.438179,11.19946289,9.950314522,5.712889671,50% Legume 50% Grass,25.08482552,2.685899496,22.39892602,17.59145012,9.515612364,8.075837755,55.23222733,20.3678112,69.98464203,19.00788116,3.391044617,5.139908075,2.93592968,10.11700058,0.925722301,5.712889671,13.8731,5.66,,,1,27.373,6.335,1.275,0.466,38.66,45.252,503.486,51.079,5.393,54.8,,2135.78,1.341,45.45,970.74,10.08,215.22,12.74,272.18,0,0,6.72,143.45,0.95,20.29,5.77,123.15,0,0,698.55,32.71,47.83,1021.59,0.1478,ALL PREY,2.5665,2.4981,21.116,ALL PRE 16:1,11.9924
4Fal18,1,Crop,26.53624759,10.98312097,58.97501221,38.94393798,4.746817923,21.78942966,15.25260077,25.79774857,76.92165375,10.7732172,7.140081882,5.195529461,50% Legume 50% Grass,28.5705986,7.024163723,21.54643488,10.98312097,6.07763083,4.905490136,127.5958786,57.15082169,117.4538803,21.5464344,0,4.905490136,0,2.58476615,0.635756314,5.195529461,15.2526,5.75,,,1,72.48985248,28.2467995,0.533450271,0.320548364,15.90809598,106.2632321,339.5524925,47.76548441,5.920657191,25.7,,771.49,1.084,39.68,306.15,8.63,66.62,7.6,58.67,0,0,1.55,11.99,0,0,1.55,11.99,0,0,247.49,32.08,58.76,453.35,0.0392,ALL PREY,4.2184,4.4092,ALL MONO,NONE FOUND,ALL PRE 18:1
4Fal18,2,Overgrown,93.48849516,23.20069637,69.61669922,78.00173025,19.41032677,74.07816839,51.85471787,311.8087463,419.4696045,35.04519653,11.96938896,31.38195801,20% Legume 80% Grass,101.8072052,31.71681404,70.09039116,23.20069637,9.593813276,13.6068831,32.22597122,26.98853683,1606.930664,70.09039116,1.91E-06,13.6068831,0,17.03511429,27.13744926,31.38195801,51.8547,7.21,,,2,41.85594693,9.054422569,3.140380505,0.280670727,7.666785447,71.77438775,3680.523948,163.646838,6.611267158,118.8,,10852.95,1.392,50.9,5523.76,11.96,1297.51,12.97,1408.01,0.58,63.16,5.57,604.51,2.66,288.73,2.91,315.78,0.36,38.99,4115.77,37.92,43.17,4685.68,0.1094,0.0071,2.9231,2.9038,16.5773,19.4816,10.9261
4Fal18,3,Bottom,37.38627151,17.74748509,50.16736908,44.93632735,0.965015328,36.42125618,25.49487933,104.2791977,325.7674255,17.60809898,18.50099945,16.96609116,60% Legume 40% Grass,37.79985046,2.583651543,35.21619892,18.11137915,8.943066287,9.16831286,160.4297333,279.678772,103.5807571,35.21619797,0,8.804418802,0.363894057,1.789220691,0.235352769,16.96609116,25.4949,4.95,,,1,274.7516774,9.424607748,4.479120003,4.87157681,14.18596498,68.09298481,391.5743521,201.7180439,17.62265405,45,,5077.19,1.659,49.18,2496.72,11.73,595.34,16.4,832.44,5.52,280.05,13.77,699.34,1.93,97.99,11.84,601.35,0.67,33.98,1664.28,32.78,36.38,1847.14,0.2801,0.0136,1.9993,1.7123,10.1714,5.92,1.1832
4Fal18,4,Longleaf,26.39944044,5.365764427,22.70298843,22.26185723,1.005383408,25.39405704,17.77583992,71.55516052,198.1715698,12.29159832,16.12252235,12.34810734,40% Legume 60% Grass,26.83031845,2.247122288,24.58319616,5.365764427,3.485639191,1.880125237,120.3377991,45.26549911,141.8518066,24.58319616,4.77E-07,1.880125237,2.22E-16,1.408752799,0.856575966,12.34810734,17.7758,4.79,,,1,73.02279215,6.42199754,1.3587382,0.162128616,4.865024867,40.88578167,378.2739664,40.97866678,5.739978275,22.6,,5307.7,1.68,46.25,2454.89,8.03,426.17,18.41,977.24,6.94,368.23,11.28,598.8,1.99,105.37,9.3,493.43,0.82,43.36,1477.64,27.84,41.65,2210.67,0.2439,0.0177,1.5121,2.357,6.2907,3.9156,0.8959
4Fal18,5,Switch,24.47190133,2.97216686,24.41201477,20.41348251,5.109059191,19.36284214,13.5539895,24.42848015,140.2671509,13.52596855,10.3702116,6.600788116,50% Legume 50% Grass,34.86831665,7.816380501,27.05193615,2.97216686,2.797969842,0.174197018,106.8965607,29.8578186,99.80296326,18.84511757,8.206819534,0.091012791,0.083184227,0.944939733,0.729797184,6.600788116,13.554,5.33,,,2,79.43367593,3.824662567,0.306984498,0.074392505,5.126531508,48.1077476,246.7315028,39.51100521,6.200063541,27.8,,5653.37,1.377,29.08,1644.01,3.25,183.9,16.1,910.38,0,0,6.15,347.57,0.99,56.02,5.16,291.55,0.59,33.09,733.63,12.98,64.19,3628.69,0.2114,0.0201,0.8058,2.1918,11.7785,ALL PRE 16:1,33.8512
4Fal18,6,Burned,33.52922346,4.504989576,38.15725708,29.92022207,0.692089397,32.83713406,22.98599384,98.25003815,142.7147064,15.97900486,8.931388855,14.27719879,40% Legume 60% Grass,33.82583237,1.867823482,31.95800889,4.504989576,2.947482038,1.557507539,74.44976044,32.12476349,217.7194366,31.95800889,8.34E-07,1.557507539,-4.44E-16,1.837860584,2.04288435,14.27719879,22.986,6.06,,,1,35.3308708,5.351142693,0.386218734,0.123434231,3.379077892,59.61766907,456.2005183,71.20658121,3.836486361,139.5,,2448.42,1.146,47.08,1152.66,8.01,196.02,13.85,339.04,0,0,2.51,61.48,0,0,2.51,61.48,0,0,813.63,33.23,50.41,1234.27,0.0533,ALL PREY,2.3998,3.3722,ALL MONO,NONE FOUND,23.6477
4Fal18,7,Pasture,81.43000945,606.2967194,164.8068787,514.6621149,40.33153191,41.09847754,28.76893428,145.8457489,188.9555969,20.12178802,9.39059639,17.94510269,30% Legume 70% Grass,98.71495056,58.47137451,40.24357605,606.2967194,479.8471863,126.4495331,80.40600586,79.55400085,725.6393433,40.24357605,0,126.4495331,-2.84E-14,164.7957306,4.536379814,17.94510269,28.7689,6.71,,,4,30.37777313,10.0238329,21.17063827,13.41068731,465.9158675,210.9797713,1403.681488,162.4354109,11.35481181,138.4,,3437.48,1.151,54,1856.11,9.05,311.08,13.34,458.54,0,0,3.26,112.2,0.68,23.43,2.58,88.77,0,0,1397.57,40.66,42.74,1469.17,0.0604,ALL PREY,3.0479,3.8619,229.869,NONE FOUND,24.4419
4Fal18,8,Loblolly,33.00224373,20.04720268,17.35343399,33.30764127,0.907690918,32.09455281,22.46618697,39.22539902,133.0867462,15.83490658,8.404644012,8.167765617,50% Legume 50% Grass,33.39125443,1.721441031,31.66981339,20.04720268,16.71367383,3.333528852,63.38421631,18.86396027,148.0259247,31.66981316,0,2.947528648,0.386000204,10.59740829,1.799747229,8.167765617,22.4662,5.74,,,1,21.7812456,5.067902393,1.378166278,0.18284058,38.48624811,38.95635654,352.1934408,36.03828433,4.103166128,18.71,,1606.46,1.101,43.94,705.8,9.08,145.94,10.28,165.15,0,0,1.45,23.37,0,0,1.45,23.37,0,0,540.66,33.66,54.61,877.29,0.0331,ALL PREY,3.2738,4.1865,ALL MONO,NONE FOUND,ALL PRE 18:1
5Win19,1,Crop,24.8067401,2.79768908,68.60775604,35.89379301,1.74511404,23.06162606,16.14313824,18.88950157,98.14299774,14.82367992,6.620690346,5.334177971,50% Legume 50% Grass,32.37719345,2.72983408,29.64735937,2.79768908,2.331407475,0.466281605,242.3185272,119.289856,89.32778168,22.82481194,6.822547913,0.269234517,0.197047088,0.3363823,0.247029066,5.334177971,16.1431,6.16,,,1,57.2395417,21.03502463,0.422034051,0.204173389,10.26415249,86.31094519,239.1437367,33.20175671,4.09662195,,,1263.36,1.126,50.34,636.02,9.54,120.49,12.79,161.53,0,0,2.32,29.33,0,0,2.32,29.33,0,0,474.49,37.56,47.34,598.02,0.0461,ALL PREY,2.9374,3.4981,52.5571,NONE FOUND,14.7701
5Win19,2,Overgrown,44.2429009,3.702371883,39.19109802,34.00570498,8.038741398,36.2041595,25.34291165,227.9099274,222.7033539,17.81021309,12.50424957,22.51436806,20% Legume 80% Grass,47.68807602,12.06764984,35.62042618,3.702371883,3.085309994,0.617061889,67.51093292,83.65662384,1157.848267,35.62042618,0,0.617061889,1.11E-16,1.064862728,7.659369946,22.51436806,25.3429,6.8,,,1,75.75373315,6.009790513,1.908359115,0.246978273,4.978364501,56.69706693,3026.904977,122.211498,5.359758039,,,8814.84,1.677,50.07,4413.24,9.2,811.17,24.47,2157.15,3.33,293.55,13.43,1184.23,3.73,328.52,9.71,855.72,1.53,134.71,2256.1,25.59,34.97,3082.65,0.2683,0.0305,1.0459,1.246,7.1783,13.5541,3.7862
5Win19,3,Bottom,39.2332793,9.988607025,57.77154236,42.90537646,0.273850039,38.95942926,27.27160048,155.4684143,259.7479858,16.80051422,15.46071625,19.83071327,30% Legume 70% Grass,39.35064316,5.749615192,33.60102797,9.988607025,8.323839188,1.664767838,103.8221664,506.0290527,110.2273102,33.60102797,4.77E-07,1.664767838,-2.22E-16,0.712119997,0.180744588,19.83071327,27.2716,5.53,,,1,637.4061095,31.75125925,4.409768192,0.35660607,20.32380742,80.08233339,478.7916906,162.3690441,9.270469562,,,35146.58,1.446,49.6,17432.7,7.8,2741.41,18.59,6534.78,0.65,229.43,8.5,2985.92,1.94,683.28,6.55,2302.63,0.5,175.16,10897.94,31.01,41.41,14552.83,0.1713,0.01,1.6677,1.8479,11.3888,ALL PRE 16:1,8.714
5Win19,4,Longleaf,33.45352786,1.209040982,41.95629272,28.91244229,0.137204106,33.31632376,23.32142663,155.5540619,278.5961609,15.54656506,17.9201107,20.08941841,20% Legume 80% Grass,33.5123291,2.419199467,31.09312963,1.209040982,1.121189982,0.087851,157.9718781,80.88630676,312.011261,31.09312963,4.77E-07,0.087851,-4.16E-17,0.220076188,1.306261539,20.08941841,23.3214,4.81,,,1,121.3513967,12.70400209,2.701810243,0.19733967,8.511703179,41.10775805,875.9215547,87.63085425,4.825760005,,,13907.52,1.414,38.66,5376.47,6.12,851.66,15.14,2105.35,0,0,7.1,988.03,1.96,272.96,5.14,715.07,0.31,42.69,3271.14,23.52,53.93,7500.33,0.1838,0.0079,1.5537,2.1533,15.5955,NONE FOUND,8.8151
5Win19,5,Switch,42.41119552,0.601459667,128.5145233,62.36558313,4.522912264,37.88828325,26.52179828,52.14422607,140.5816803,14.99511719,9.375164032,9.525568008,50% Legume 50% Grass,44.34958649,14.35935211,29.99023438,0.601459667,0.501216389,0.100243278,129.1694641,36.49634933,188.4161682,29.99023438,0,0.100243278,1.39E-17,0.157850429,1.137326837,9.525568008,26.5218,5.96,,,1,15.77558596,6.01736013,0.61499334,0.069693467,5.618942958,119.5228015,361.8736257,57.49824714,4.778293514,,,2998.69,1.432,39.53,1185.45,6.26,187.76,16.94,507.94,0,0,9.02,270.37,2.27,67.93,6.75,202.44,0.15,4.53,677.5,22.59,51.3,1538.33,0.2281,0.0038,1.3338,1.5346,11.4428,NONE FOUND,21.038
5Win19,6,Burned,18.16516499,0.380328763,24.63984146,16.15624064,0.090397492,18.0747675,12.65233725,34.78889847,114.777359,8.895866394,12.90232468,6.664023876,50% Legume 50% Grass,18.20390701,0.412173986,17.79173303,0.380328763,0.316940635,0.063388127,113.0568237,68.57709503,94.09593964,17.79173279,0,0.05763863,0.005749498,0.091040447,0.518052697,6.664023876,12.6523,5.81,,,1,44.75939716,3.635024634,0.314572713,0.133830827,4.666878147,36.60760258,233.5720568,45.66157236,4.874545011,,,3380,1.558,36.59,1236.89,5.45,184.25,17.65,596.6,1.32,44.56,9.97,336.96,1.75,59.17,8.22,277.79,0.62,20.86,640.29,18.94,52.82,1785.29,0.2724,0.0169,1.0732,1.2958,7.2334,ALL PRE 16:1,8.6092
5Win19,7,Pasture,37.43351705,755.5621429,157.6487,599.0439519,0.724609208,36.70890784,25.69623549,158.0670013,288.146759,17.64400864,16.33113861,20.69958687,20% Legume 80% Grass,37.74406433,2.456046581,35.28801775,755.5621429,671.6023163,83.95982666,105.6524429,250.5774689,700.6881714,35.28801727,0,83.95982666,-5.68E-14,92.21720886,1.966954947,20.69958687,25.6962,7.02,,,1,45.96435394,10.42142773,11.9764773,10.41962264,457.4935501,183.5719635,1181.662509,228.6066644,9.816334219,,,7406.44,1.672,29.82,2208.44,5.72,423.31,10.19,754.78,0.82,60.75,17.35,1284.94,3.92,290.7,13.42,994.24,1.82,134.51,1453.65,19.63,51.02,3778.55,0.5818,0.0609,1.9259,0.8158,3.533,19.0987,ALL CYCLO 19:0
5Win19,8,Loblolly,18.10735108,18.27898293,17.88375664,26.2975433,1.690646005,16.41670507,11.49169355,25.06139946,94.10098267,8.060652733,11.67411423,5.194224834,50% Legume 50% Grass,18.83191299,2.710608244,16.12130475,20.48085451,9.257110882,11.22374363,85.2306366,32.25048828,119.3711319,16.12130475,7.15E-07,8.967474461,2.256269169,7.579702377,1.01608777,5.194224834,11.4917,5.59,,,1,23.15216898,7.873950695,1.297106724,0.109552763,36.1906514,31.47848059,279.9120687,34.44434113,4.689953098,,,2378.61,1.521,43.62,1037.51,7.39,175.73,20.74,493.38,0.42,9.94,16.2,385.32,1.93,45.81,14.27,339.51,0.97,23.14,544.12,22.88,39.21,932.64,0.3714,0.0223,1.1028,1.1673,6.8662,ALL PRE 16:1,14.1675
6Spr19,1,Crop,23.812628,3.895010066,55.54880219,31.69363901,3.72254982,20.09007818,14.06305472,19.60648346,128.9653015,16.45394516,7.837956429,6.185348988,50% Legume 50% Grass,38.3040657,5.396173477,32.90789223,3.895010066,3.245841813,0.649168253,174.8447266,90.27985382,87.71056366,20.01183319,12.89605713,0.29607749,0.353090763,0.638749778,0.330827743,6.185348988,14.0631,5.62,7.62,0.71,1,31,29.9,0.835,0.277,19,90,340,46,6,77,33,980.25,1.078,23.64,231.73,3.48,34.07,6.43,63.07,0,0,0.94,9.26,0,0,0.94,9.26,0,0,168.66,17.21,75.42,739.26,0.04,ALL PREY,2.674,11.4724,ALL MONO,NONE FOUND,ALL PRE 18:1
6Spr19,2,Overgrown,132.0837286,17.31724024,85.64002991,94.92957007,19.71230965,112.371419,78.65999327,332.0817566,537.5166626,49.61862183,10.83296204,36.46730423,20% Legume 80% Grass,140.5318604,41.2946167,99.23724365,17.31724024,14.4310339,2.886206341,52.01831055,54.96787643,1483.33728,99.23724365,0,2.886206341,1.33E-15,7.037576675,13.86475468,36.46730423,78.66,7.23,,0,2,55,7.9,2.681,0.33,13,63,3843,161,6,74,113,8509.31,1.391,50.93,4334.01,8.28,704.98,24.11,2051.93,0,0,8.45,718.91,3.13,266.56,5.32,452.35,0.17,14.3,2282.1,26.82,40.45,3442.07,0.1659,0.0033,1.1122,1.5951,19.2809,ALL PRE 16:1,17.0422
6Spr19,3,Bottom,80.35805188,20.92917833,110.95383,85.62748607,0.114252198,80.24379969,56.17065978,144.0411682,515.814209,38.65798187,13.34301949,26.18551254,20% Legume 80% Grass,80.40702057,3.091053486,77.31596708,20.92917833,17.44098158,3.488196754,157.0617218,549.3357544,190.6195068,77.31596375,0,2.922237611,0.565959144,1.288175941,0.269847363,26.18551254,56.1707,5.2,7.05,2.23,1,491,37.5,4.768,0.557,30,138,779,281,11,96,70,5827.19,1.39,51.61,3007.31,8.55,498.16,20.02,1166.4,0,0,8.7,506.98,1.4,81.76,7.3,425.22,0.49,28.81,1840.91,31.59,39.2,2284.09,0.1686,0.0096,1.5783,1.7478,15.85,ALL PRE 16:1,7.1781
6Spr19,4,Longleaf,38.05710206,0.574872094,31.75311584,26.73884184,0.256483236,37.80061883,26.46043318,97.37593842,224.4414673,18.67095947,12.02088547,16.09351921,30% Legume 70% Grass,38.16702271,0.825104475,37.34191823,0.574872094,0.479060067,0.095812027,146.0860596,95.84622192,353.618866,37.34191823,7.15E-07,0.095812027,-4.16E-17,0.103311718,1.461643934,16.09351921,26.4604,5.65,7.23,1.41,1,92,7.3,1.082,0.158,8,37,851,94,5,67,31,3030.6,1.182,40.29,1220.9,7.2,218.21,13.02,394.65,0,0,2.48,75.17,0,0,2.48,75.17,0,0,826.26,27.26,57.23,1734.54,0.0616,ALL PREY,2.0936,4.3768,25.0184,NONE FOUND,14.0609
6Spr19,5,Switch,34.41922293,0.489327234,34.88999176,26.32171535,1.388650692,33.03057224,23.12140056,43.1698761,136.9637756,16.35214996,8.375887871,8.691477776,50% Legume 50% Grass,35.01435852,2.310059071,32.70429945,0.489327234,0.407772706,0.081554528,94.48847961,30.82102013,151.8845673,32.70429945,4.77E-07,0.077115985,0.004438542,0.169780403,1.212075472,8.691477776,23.1214,5.8,7.46,0.87,4,144,5.3,0.819,0.11,7,56,384,61,5,82,25,2126.26,1.376,39.28,835.27,6.7,142.47,14.33,304.75,0,0,6.26,133.04,1.57,33.37,4.69,99.67,0.11,2.35,530.52,24.95,54.35,1155.61,0.1593,0.0028,1.7409,3.254,16.5634,NONE FOUND,31.1455
6Spr19,6,Burned,34.4572396,0.019492943,42.85859985,28.79705085,2.505648804,31.95159079,22.36611355,86.5807724,167.5776978,15.86857224,10.56035137,13.596488,40% Legume 60% Grass,35.53108978,3.793944597,31.73714519,0.019492943,0.016244119,0.003248824,144.3805847,49.68843842,224.301712,31.73714447,0,0.003248824,4.34E-19,0.004367102,1.155783176,13.596488,22.3661,5.83,7.44,0.88,1,124,9.7,0.739,0.132,5,51,454,78,4,71,34,3463.78,1.392,41.28,1429.94,6.72,232.72,16.47,570.46,0,0,6.58,227.76,1.67,57.72,4.91,170.04,0.32,11.01,859.47,24.81,51.82,1795.08,0.1593,0.0077,1.5066,2.5954,14.3579,ALL PRE 16:1,12.6364
6Spr19,7,Pasture,75.98794758,1056.102893,173.607312,830.4297634,23.07959366,52.90835392,37.03584775,126.2078171,213.6162262,26.16222,8.165064812,17.40586472,30% Legume 70% Grass,85.8792038,33.55476379,52.32444,1056.102893,880.0857208,176.0171722,114.9067459,222.6673737,862.7216187,52.32444,0,176.0171722,-1.14E-13,136.0220337,2.555650949,17.40586472,37.0358,6.83,,0,5,54,9.3,19.132,13.282,640,235,1787,281,11,109,125,4105.96,1.503,47.64,1956.22,7.65,313.94,18.56,762.18,0,0,11.72,481.16,4.8,197.18,6.92,283.98,0.85,34.97,1194.04,29.08,39.79,1633.61,0.246,0.0179,1.5666,1.6945,10.2608,ALL PRE 16:1,20.474
6Spr19,8,Loblolly,9.092695773,19.31951848,18.16205292,23.51745977,1.098770559,7.993925214,5.59574765,8.503054619,109.990715,12.73002815,8.640256882,4.323122501,60% Legume 40% Grass,27.15068817,1.690632582,25.46005559,31.46947556,15.07183304,16.39764252,81.67271423,40.87275314,93.92327881,7.872964859,17.58709145,3.802958882,12.59468364,11.16514587,0.76643616,4.323122501,5.5957,5.5,7.49,1.03,1,86,11.3,0.957,0.079,61,37,357,47,4,82,18,1462.67,1.109,33.93,496.28,6.78,99.11,7.7,112.63,0,0,1.46,21.39,0,0,1.46,21.39,0,0,383.65,26.23,64.61,944.99,0.0431,ALL PREY,3.4063,6.8942,36.9451,NONE FOUND,ALL PRE 18:1
7Sum19,1,Crop,34.4444459,4.489567457,77.54755554,44.06212002,8.236152458,26.20829344,18.34580541,17.10569191,88.31771851,3.596925735,24.55366707,3.836616039,60% Legume 40% Grass,39.59475327,32.40090179,7.193851471,4.826582932,4.022152627,0.804430306,241.865921,118.5339661,73.95471191,5.573323727,1.620527744,0.467414831,0.337015475,0.582273841,0.20520182,3.836616039,18.3458,5.24,,,1,38.5,27.3,0.627,0.473,18.7,112,249,40.5,9.59,83,59.5,1048.75,1.112,21.88,229.51,3.39,35.6,6.35,66.56,0,0,1,10.49,0,0,1,10.49,0,0,162.96,15.54,77.12,808.75,0.0457,ALL PREY,2.4484,9.089,12.5949,NONE FOUND,ALL PRE 18:1
7Sum19,2,Overgrown,73.72370882,4.26490705,44.33862305,47.99343653,30.98654099,42.73716784,29.91601748,364.1416321,279.1103516,20.30594444,13.74525356,30.3716526,20% Legume 80% Grass,87.00365448,46.39176559,40.61188889,4.26490705,3.554089117,0.710817933,55.5437088,24.94824219,1111.605591,40.61188889,0,0.710817933,0,2.303717852,13.81014633,30.3716526,29.916,7.3,,,7,35.7,7.37,1.56,0.285,11.8,66.2,3600,207,7.69,82.5,148,7761.1,1.507,47.16,3660.18,10.06,780.7,17.57,1363.35,0,0,10.73,832.53,4.4,341.71,6.32,490.83,0.49,38.04,2296.82,29.59,41.62,3230.35,0.2275,0.0104,1.6847,1.8311,17.2208,9.2237,3.3456
7Sum19,3,Bottom,45.76284647,11.7341136,52.15419159,44.77298516,9.99215126,35.77069521,25.03948665,172.2698212,287.9877014,16.56044769,17.39009094,21.77161789,20% Legume 80% Grass,50.04519653,16.92430115,33.12089539,11.7341136,9.778428364,1.955685234,149.0361481,425.8038635,76.527771,33.12089539,0,1.955685234,-2.22E-16,0.887514532,0.133128822,21.77161789,25.0395,4.6,,,5,432,17.1,4.33,0.807,19.8,68.6,328,178,20.8,89.3,93.7,6962.93,1.447,45.82,3190.52,9.96,693.35,13.01,905.84,0,0,8.81,613.67,1.7,118.27,7.11,495.4,0.84,58.68,2284.68,32.81,44.52,3100.07,0.1923,0.0184,2.5222,2.1988,12.0539,ALL PRE 16:1,3.2951
7Sum19,4,Longleaf,30.03236904,0.112365641,28.18324356,21.95573881,0.429311895,29.60305715,20.72214,119.0184708,192.3774414,13.6392231,14.10472107,15.12967682,30% Legume 70% Grass,30.21636009,2.937913656,27.27844644,0.112365641,0.093638035,0.018727607,133.7176208,96.02879333,323.0797119,27.2784462,0,0.018727607,1.39E-17,0.021264587,1.406244874,15.12967682,20.7221,5.71,,,1,109,4.81,1.29,0.199,6.69,45.7,927,104,5.17,74.3,36.6,2740.36,1.287,41.76,1144.39,8.45,231.49,11.06,302.97,0,0,4.51,123.66,1.16,31.86,3.35,91.8,0,0,841.42,30.7,53.73,1472.32,0.1081,ALL PREY,2.7772,4.0052,17.421,NONE FOUND,8.2202
7Sum19,5,Switch,27.20033755,1.011688182,41.16402283,25.99572474,7.130378151,20.0699594,14.04897158,42.29763794,112.5463943,8.876817703,12.6786871,7.368373394,50% Legume 50% Grass,30.25621414,12.50257874,17.75363541,1.011688182,0.843073496,0.168614686,120.2558594,41.51138687,162.4568787,17.75363541,0,0.168614686,0,0.271911919,1.004263163,7.368373394,14.049,5.66,,,1,27.4,3.64,0.52,0.138,6.2,52.9,470,61.1,4.17,72.6,39.2,2541.74,1.375,46.24,1175.27,9.13,231.97,13.53,343.81,0,0,6.92,176.01,2.3,58.45,4.63,117.57,0.15,3.9,831.46,32.71,46.68,1186.56,0.1498,0.0033,2.4184,3.0208,13.7718,ALL PRE 16:1,10.7259
7Sum19,6,Burned,20.54654238,0.886422393,24.00375137,17.24042561,1.412165499,19.13437688,13.39406382,89.29375458,104.9092484,8.638361931,12.14457703,11.89139652,40% Legume 60% Grass,21.15175629,3.875032425,17.27672386,0.886422393,0.738685316,0.147737077,90.9017334,71.59892273,160.6821594,17.27672386,0,0.147737077,0,0.237168908,0.988809288,11.89139652,13.3941,5.6,,,1,148,3.31,0.521,0.12,4.31,41.4,388,68.5,3.84,76.7,29.7,4715.76,1.515,39.76,1875.01,8.09,381.32,11.99,565.35,0,0,12.76,601.68,2.97,139.96,9.79,461.72,0.62,29.14,1309.66,27.77,46.86,2209.93,0.3209,0.0155,2.3165,2.3655,8.5908,3.6601,1.3076
7Sum19,7,Pasture,106.0161873,1423.882495,182.2039307,1102.895597,66.07643356,39.93975377,27.95782764,155.6374817,183.2600098,18.89287567,9.699953079,18.52427864,10% Legume 90% Grass,134.3346558,96.54890442,37.78575134,1423.882495,1186.568793,237.3137024,128.3647003,222.908844,870.7445068,37.78575134,0,237.3137024,-2.84E-14,176.2385406,2.478821754,18.52427864,27.9578,6.41,,,24,45.3,8.34,25.3,20.5,733,262,1780,220,16.1,109,269,5079.54,1.428,51.35,2608.52,10.21,518.79,14.58,740.83,0,0,9.93,504.19,4.44,225.5,5.49,278.69,0.23,11.61,1867.69,36.77,38.49,1955.23,0.1933,0.0044,2.5211,2.2879,13.3957,ALL PRE 16:1,9.0352
7Sum19,8,Loblolly,33.50378902,37.17171535,16.24712677,45.10821073,15.27204247,18.23174655,12.76222259,28.02294922,82.13825989,8.195235252,10.02268505,5.264583588,50% Legume 50% Grass,40.0489502,23.65847969,16.3904705,37.17171535,23.22933846,13.9423769,82.59568024,42.5580864,113.8569412,16.3904705,0,13.9423769,-1.78E-15,12.91340733,0.909736454,5.264583588,12.7622,5.2,,,5,31.3,6.24,1.88,0.133,45.8,27.7,261,40.6,3.83,69.3,49.5,3485.78,1.272,40.19,1400.82,6.72,234.12,11.06,385.41,0,0,3.98,138.56,0.88,30.65,3.1,107.91,0.27,9.58,1015.4,29.13,55.56,1936.82,0.0989,0.0068,2.6346,3.9501,11.6569,NONE FOUND,8.4575
8Fal19,1,Crop,24.96832438,23.24452591,29.41176453,36.55261547,9.323788834,15.64453554,10.95117488,62.86220551,155.9141235,5.619448662,27.74544907,9.96644783,60% Legume 40% Grass,28.9642334,17.72533607,11.23889732,23.24452591,10.34471817,12.89980774,22.00564766,5.611147881,72.05250549,11.23889732,0,12.89980774,-1.78E-15,36.59481812,2.609010458,9.96644783,10.9512,5.4,,,6,,,,,25.4,134,290,62.4,6.82,81,107,1033.43,1.099,26.6,274.86,3.2,33.07,8.76,90.49,0,0,1.38,14.25,0,0,1.38,14.25,0,0,184.37,17.84,72.02,744.33,0.0518,ALL PREY,2.0375,8.1277,ALL MONO,NONE FOUND,ALL PRE 18:1
8Fal19,2,Overgrown,40.30292296,2.807182336,21.04453125,25.45178276,1.603880167,38.6990428,27.08932996,418.344696,230.3903809,16.86670876,13.65947437,29.53585052,20% Legume 80% Grass,40.99029922,7.256882668,33.73341656,2.807182336,2.339318705,0.467863631,19.67418289,34.2793541,504.7058105,33.73341656,9.54E-07,0.467863631,2.22E-16,2.262157679,9.354453087,29.53585052,27.0893,7.24,,,1,,,,,3.41,92.2,2870,133,4.35,74.3,99.4,4527.8,1.448,45,2037.53,9.05,409.63,19.49,882.49,0,0,8.72,395.01,2.61,118.26,6.11,276.76,0.26,11.86,1155.03,25.51,46.01,2083.4,0.1939,0.0058,1.3088,1.9574,15.5082,NONE FOUND,15.485
8Fal19,3,Bottom,57.38701301,5.299643946,26.15588379,35.81911529,0.023180536,57.36383247,40.15468273,683.4483032,615.1062012,24.67809296,24.92519188,48.94234848,60% Legume 40% Grass,57.39694977,8.040761948,49.35618782,5.299643946,4.416369772,0.883274174,39.12734604,136.5877533,81.02833557,49.35618591,0,0.883274174,-3.33E-16,1.311323285,0.461134732,48.94234848,40.1547,4.63,,,1,,,,,12.8,91.1,474,244,31.1,107,127,10261.4,1.521,35.18,3610.07,8.57,879,11.44,1173.8,0,0,17.41,1786.35,1.7,174.6,15.71,1611.75,0.94,96.27,2436.28,23.74,46.47,4768.69,0.4948,0.0267,2.0756,1.6482,13.0318,4.1454,0.6618
8Fal19,4,Longleaf,28.06873739,11.78801765,15.65352173,24.95783992,0.457613111,27.61112428,19.32778699,117.5299835,193.6281586,11.96261978,16.18610001,14.86299038,40% Legume 60% Grass,28.26485825,4.339617729,23.92524052,11.78801765,9.823348045,1.964669609,57.78992844,32.72457123,292.0354004,23.92523956,0,1.964669609,-1.33E-15,5.662324905,3.226393461,14.86299038,19.3278,6.22,,,1,,,,,58.9,59.3,1380,122,5.26,84.1,48.4,3267.98,1.455,36.25,1184.55,4.93,160.98,16.18,528.61,0,0,10,326.72,2.08,68.06,7.91,258.66,0.47,15.4,655.94,20.07,53.28,1741.3,0.2758,0.013,1.2409,2.1417,5.3347,3.4672,1.9872
8Fal19,5,Switch,28.51216507,1.816080856,16.92496719,18.59986115,2.861430645,25.65073442,17.9555141,102.4044571,134.9673004,11.4312191,11.80690384,12.37617302,40% Legume 60% Grass,29.73849297,6.876054287,22.86243868,1.816080856,1.513400668,0.302680188,32.55182648,8.329562187,131.8542023,22.8624382,0,0.302680188,-5.55E-17,1.931442142,3.225286722,12.37617302,17.9555,5.78,,,1,,,,,11.6,63.5,556,75.2,4.64,86.1,56.8,2075.35,1.524,38.38,796.51,7.08,146.99,14.28,296.45,0,0,14.18,294.38,3.47,71.92,10.72,222.46,0.38,7.81,500.05,24.09,47.06,976.65,0.3696,0.0098,1.6868,2.007,10.8534,3.9211,1.9634
8Fal19,6,Burned,36.12598057,1.151507586,18.91229439,21.87575057,0.369631958,35.75634861,25.02944403,251.1988831,193.5253296,15.19885635,12.73288727,23.33316994,20% Legume 80% Grass,36.28439331,5.886681557,30.39771175,1.151507586,0.959589678,0.191917908,30.52738762,13.6213665,124.3216629,30.39771175,9.54E-07,0.191917908,8.33E-17,1.134019494,2.81597209,23.33316994,25.0294,5.89,,,1,,,,,5.6,67.7,569,136,4.13,71.7,40,4268.3,1.471,42.1,1796.81,7.29,311.31,17.31,738.66,0,0,10.14,432.86,2.62,112.01,7.52,320.85,0.41,17.4,1058.15,24.79,47.35,2021.22,0.2409,0.0097,1.4325,1.9759,19.7572,6.7638,3.2627
8Fal19,7,Pasture,83.55694523,584.1364075,66.02455902,465.426859,21.26553478,62.29141045,43.60398731,571.8962402,271.0705261,28.04131889,9.666825294,36.82035446,20% Legume 80% Grass,92.67074585,36.58810806,56.08263779,584.1364075,486.7803513,97.35605621,21.19579697,45.00550079,335.6358643,56.08263779,0,97.35605621,-4.26E-14,383.6365051,5.069928646,36.82035446,43.604,6.5,,,16,,,,,434,258,1430,192,21.3,143,315,6128.12,0.985,35.67,2186.15,0.51,31.45,9.27,568.01,0,0,4.2,257.18,1.97,120.96,2.22,136.22,0,0,1618.13,26.41,60.13,3684.79,0.1176,ALL PREY,2.8488,2.867,19.5,ALL PRE 16:1,ALL PRE 18:1
8Fal19,8,Loblolly,49.67318025,15.02959046,7.233273125,32.92163102,0.241768509,49.43141174,34.60198822,77.16919708,168.0447083,22.95306206,7.321232796,13.37312031,40% Legume 60% Grass,49.77679443,3.870671272,45.90612316,15.02959046,9.168829417,5.860761046,15.13993931,6.399549484,66.6136322,45.90612316,9.54E-07,5.860761046,8.88E-16,30.33778763,3.092628241,13.37312031,34.602,4.75,,,1,,,,,25,25.6,259,44.8,4.27,84.4,42.2,4176.31,1.345,33.59,1402.72,5.36,224.03,9.95,415.68,0,0,6.05,252.78,1.16,48.38,4.89,204.4,0.06,2.35,987.04,23.63,60.3,2518.46,0.1802,0.0017,2.3745,3.5381,12.0091,13.7819,3.1838
9Win20,1,Crop,35.40522513,12.86436048,23.11431427,31.25715238,0.551662534,34.85356259,24.39749382,26.4781971,151.0014496,23.18712425,6.51229763,7.986561298,50% Legume 50% Grass,49.48888779,3.114639997,46.37424779,12.86436048,10.72030058,2.144059896,20.61101532,4.047720432,64.41042328,32.52701187,13.84723663,1.127886724,1.016173172,22.68242836,2.612073183,7.986561298,24.3975,5.77,,,2,9.08,20.9,0.576,0.654,14.2,132,300,60.7,8.09,100,23.7,756.8,1.435,32.61,246.78,7.91,59.84,12.27,92.89,0,0,7.41,56.07,1.07,8.12,6.34,47.95,0,0,153.89,20.33,59.98,453.95,0.2272,ALL PREY,1.6567,3.438,31.6097,NONE FOUND,ALL PRE 18:1
9Win20,2,Overgrown,137.8243559,20.58070698,29.77893677,79.95886511,18.74862938,119.0757265,83.35300856,1048.118774,1010.324707,51.99573135,19.43091583,77.81200409,60% Legume 40% Grass,145.8594818,41.8680191,103.9914627,20.58070698,17.15058842,3.430118561,18.97249222,20.9223938,1115.949585,103.9914627,0,3.430118561,4.44E-16,22.42927361,27.97224617,77.81200409,83.353,7.36,,,2,43.7,10.6,3.86,0.476,11.5,75.4,4450,211,12.3,91.4,206,7142.41,1.417,54.14,3867.24,11.47,819.55,29.37,2097.75,0,0,12.55,896.1,3.98,283.99,8.57,612.11,0,0,1769.48,24.77,33.31,2379.07,0.2317,ALL PREY,0.8435,0.9817,19.1715,ALL PRE 16:1,8.9486
9Win20,3,Bottom,48.78915988,17.1205112,25.7814743,40.5235378,0.705714333,48.08344555,33.65841188,92.3791275,817.130249,41.52348328,19.67875099,29.73286629,60% Legume 40% Grass,94.58370209,11.53673458,83.04696751,19.2395587,16.03296485,3.206593847,64.99796295,300.651123,87.62587738,37.55487442,45.49209213,1.087546352,2.119047496,2.287719488,0.239644736,29.73286629,33.6584,4.85,,,4,390,19.8,5.31,0.791,8.4,76.3,376,218,16.7,108,68.1,3712.66,1.392,42.45,1576,4.93,183.09,21.26,789.34,0,0,12.01,445.82,1.07,39.64,10.94,406.18,0.62,23.18,786.66,21.19,44.92,1667.66,0.2829,0.0147,0.9966,1.0345,17.0054,ALL PRE 16:1,4.6445
9Win20,4,Longleaf,47.42520207,14.20318699,16.90369148,34.82860374,0.674228841,46.75097322,32.72568126,270.8790894,501.1677551,21.54663086,23.2596817,31.5265255,60% Legume 40% Grass,47.7141571,4.620895386,43.09326172,14.20318699,10.2097003,3.993486691,76.16179657,55.73072052,138.1681519,43.09326172,0,3.993486691,-8.88E-16,4.682068825,1.047581434,31.5265255,32.7257,4.49,,,1,144,7.26,1.95,0.282,4.8,38.1,499,62.2,5.64,156,51,2941.13,1.379,36.97,1087.44,3.68,108.23,18.53,544.88,0,0,9.63,283.34,1.29,38.03,8.34,245.32,0.44,13.03,542.56,18.45,52.95,1557.31,0.2606,0.012,0.9957,1.1766,12.9997,NONE FOUND,4.3639
9Win20,5,Switch,24.84341954,10.50032706,16.9922699,23.23489122,1.107272673,23.73614687,16.61530281,74.1607666,146.2585602,11.58524513,12.62455463,11.49977207,40% Legume 60% Grass,25.31796455,2.147474766,23.17048979,10.50032706,8.750272369,1.750054693,49.62778854,14.80164242,115.9714661,23.17048979,4.77E-07,1.750054693,-2.22E-16,7.085829258,1.799976587,11.49977207,16.6153,5.99,,,2,73,4.73,1.16,0.126,6.82,63.9,458,68.1,4.64,75.8,22,1219.91,1.441,39.29,479.35,8.59,104.79,18.05,220.16,0,0,11.65,142.14,1.57,19.12,10.08,123.02,0,0,259.2,21.25,49.05,598.42,0.2965,ALL PREY,1.1773,1.7342,14.8803,NONE FOUND,ALL PRE 18:1
9Win20,6,Burned,43.27449082,11.43660707,20.16570053,32.37341647,0.037425743,43.23706508,30.26594555,501.1945801,244.0961761,19.77001762,12.34678555,31.91865349,20% Legume 80% Grass,43.29053116,3.750495195,39.54003596,11.43660707,10.12705874,1.30954833,45.69245148,14.47132206,266.5397339,39.54003525,0,1.30954833,-6.66E-16,8.264837265,4.43023634,31.91865349,30.2659,6.31,,,1,24.2,10.8,1.15,0.221,3.92,51.2,797,126,4.66,89.2,59.3,2391.79,1.333,42.13,1007.75,2.81,67.24,25.1,600.41,0,0,11.85,283.53,2.11,50.57,9.74,232.96,0.43,10.19,407.34,17.03,45.59,1090.31,0.2814,0.0101,0.6784,1.0023,11.7195,ALL PRE 16:1,ALL PRE 18:1
9Win20,7,Pasture,79.97443099,923.5747986,60.32603302,699.606243,2.981545877,76.99288511,53.89501958,476.2242737,429.4305115,34.80267715,12.33900833,38.52578354,20% Legume 80% Grass,81.25223541,11.64688206,69.60535336,923.5747986,859.1458801,64.42891846,47.72528839,114.7564316,431.7770996,69.60535336,9.54E-07,64.42891846,-8.53E-14,247.1381226,2.657388687,38.52578354,53.895,7.42,,,1,68.2,20.6,21.7,14.6,578,173,1550,238,12.7,156,140,3107.39,1.237,36.6,1137.28,1.84,57.08,16.8,522.07,0,0,6.49,201.59,0.59,18.38,5.9,183.2,0.38,11.79,615.21,19.8,56.53,1756.72,0.1773,0.0104,1.1784,1.5696,5.0288,NONE FOUND,31.6047
9Win20,8,Loblolly,26.1830513,30.2668108,8.619043922,34.67665345,0.518465471,25.66458583,17.96521008,74.12592316,137.8864899,12.29725456,11.21278667,11.4000473,40% Legume 60% Grass,26.40525055,1.810741663,24.59450889,30.2668108,21.97777729,8.289033508,28.16460609,10.88860512,77.86704254,24.59450889,2.38E-07,8.289033508,1.78E-15,33.69628906,1.993870378,11.4000473,17.9652,5.65,,,1,36.4,9.71,2.3,0.149,38.1,31.4,238,42.7,4.41,80,139,2268.91,1.397,42.87,972.73,7.47,169.43,19.52,442.82,0,0,7.53,170.8,1.25,28.4,6.28,142.4,0.34,7.72,529.9,23.36,49.26,1117.65,0.1756,0.0079,1.1966,1.899,11.9639,NONE FOUND,12.5449
